freq,citizen,applicant,sex,unit,age,geo,2014 ,2015 ,2016 ,2017 ,2018 ,2019 ,2020 ,2021 ,2022 ,2023 ,2024 ,2025 
A,EXT_EU27_2020,FRST,T,PER,TOTAL,AT,25675 ,85505 ,39875 ,22455 ,11580 ,10985 ,13400 ,37800 ,109775 ,56135 ,22220 ,12460 
A,EXT_EU27_2020,FRST,T,PER,TOTAL,BE,14045 ,38990 ,14250 ,14035 ,18130 ,23105 ,12905 ,19545 ,32100 ,29260 ,32670 ,27500 
A,EXT_EU27_2020,FRST,T,PER,TOTAL,BG,10805 ,20160 ,18990 ,3470 ,2465 ,2075 ,3460 ,10890 ,20260 ,22390 ,12130 ,3800 
A,EXT_EU27_2020,FRST,T,PER,TOTAL,CH,21940 ,38060 ,25825 ,16615 ,13465 ,12545 ,9725 ,13240 ,23075 ,26820 ,22670 ,23290 
A,EXT_EU27_2020,FRST,T,PER,TOTAL,CY,1480 ,2105 ,2840 ,4475 ,7610 ,12695 ,7065 ,13260 ,21590 ,11660 ,6750 ,2835 
A,EXT_EU27_2020,FRST,T,PER,TOTAL,CZ,905 ,1235 ,1200 ,1140 ,1350 ,1570 ,790 ,1055 ,1335 ,1130 ,1025 ,930 
A,EXT_EU27_2020,FRST,T,PER,TOTAL,DE,172945 ,441805 ,722270 ,198255 ,161885 ,142450 ,102525 ,148175 ,217735 ,329035 ,229695 ,113170 
A,EXT_EU27_2020,FRST,T,PER,TOTAL,DK,14535 ,20825 ,6055 ,3125 ,3465 ,2605 ,1420 ,1995 ,4475 ,2355 ,2180 ,1835 
A,EXT_EU27_2020,FRST,T,PER,TOTAL,EE,145 ,225 ,150 ,180 ,90 ,100 ,45 ,75 ,2940 ,3980 ,1330 ,1005 
A,EXT_EU27_2020,FRST,T,PER,TOTAL,EL,7585 ,11370 ,49875 ,56940 ,64975 ,74910 ,37860 ,22660 ,29125 ,57895 ,68995 ,55380 
A,EXT_EU27_2020,FRST,T,PER,TOTAL,ES,5460 ,14600 ,15570 ,33035 ,52730 ,115175 ,86380 ,62050 ,116135 ,160460 ,165435 ,141035 p
A,EXT_EU27_2020,FRST,T,PER,TOTAL,EU27_2020,530560 ,1216860 ,1166815 ,620265 ,564680 ,628930 ,415235 ,535985 ,873680 ,1049510 ,912425 ,671895 
A,EXT_EU27_2020,FRST,T,PER,TOTAL,FI,3490 ,32150 ,5275 ,4330 ,2950 ,2445 ,1445 ,1355 ,4815 ,4450 ,2260 ,1955 
A,EXT_EU27_2020,FRST,T,PER,TOTAL,FR,58845 ,70570 ,76790 ,91965 ,126580 ,138290 ,81735 ,103790 ,137510 ,145055 ,129820 ,116370 
A,EXT_EU27_2020,FRST,T,PER,TOTAL,HR,380 ,140 ,2150 ,880 ,675 ,1265 ,1540 ,2480 ,2660 ,1635 ,1000 ,845 
A,EXT_EU27_2020,FRST,T,PER,TOTAL,HU,41215 ,174435 ,28215 ,3115 ,635 ,465 ,90 ,40 ,45 ,30 ,25 ,105 
A,EXT_EU27_2020,FRST,T,PER,TOTAL,IE,1440 ,3270 ,2235 ,2910 ,3655 ,4740 ,1535 ,2615 ,13645 ,13220 ,18435 ,12975 
A,EXT_EU27_2020,FRST,T,PER,TOTAL,IS,: ,360 ,1100 ,1065 ,730 ,805 ,625 ,865 ,4530 ,4120 ,1860 ,1660 
A,EXT_EU27_2020,FRST,T,PER,TOTAL,IT,63655 ,82790 ,121185 ,126550 ,53440 ,35005 ,21330 ,45200 ,77200 ,130565 ,151120 ,128655 
A,EXT_EU27_2020,FRST,T,PER,TOTAL,LI,: ,: ,75 ,145 ,145 ,40 ,25 ,80 ,70 ,70 ,75 ,80 
A,EXT_EU27_2020,FRST,T,PER,TOTAL,LT,385 ,275 ,415 ,520 ,385 ,625 ,260 ,3905 ,905 ,510 ,295 ,330 
A,EXT_EU27_2020,FRST,T,PER,TOTAL,LU,1030 ,2360 ,2065 ,2320 ,2225 ,2200 ,1295 ,1365 ,2405 ,2615 ,2125 ,1770 
A,EXT_EU27_2020,FRST,T,PER,TOTAL,LV,365 ,330 ,345 ,355 ,175 ,180 ,145 ,580 ,545 ,1625 ,800 ,1290 
A,EXT_EU27_2020,FRST,T,PER,TOTAL,ME,: ,: ,: ,: ,3100 ,1920 ,540 ,270 ,175 ,145 ,125 ,140 
A,EXT_EU27_2020,FRST,T,PER,TOTAL,MT,1275 ,1695 ,1735 ,1610 ,2035 ,4015 ,2410 ,1200 ,915 ,490 ,440 ,405 
A,EXT_EU27_2020,FRST,T,PER,TOTAL,NL,21780 ,43035 ,19285 ,16090 ,20465 ,22485 ,13660 ,24730 ,35500 ,38320 ,31925 ,24020 
A,EXT_EU27_2020,FRST,T,PER,TOTAL,NO,10910 ,30475 ,3245 ,3350 ,2530 ,2165 ,1325 ,1595 ,4650 ,5135 ,4800 ,3320 
A,EXT_EU27_2020,FRST,T,PER,TOTAL,PL,5610 ,10255 ,9780 ,3005 ,2405 ,2765 ,1510 ,6240 ,7700 ,7720 ,14445 ,11155 
A,EXT_EU27_2020,FRST,T,PER,TOTAL,PT,440 ,870 ,710 ,1015 ,1240 ,1735 ,900 ,1350 ,1975 ,2600 ,2675 ,1750 
A,EXT_EU27_2020,FRST,T,PER,TOTAL,RO,1500 ,1225 ,1855 ,4700 ,1945 ,2455 ,6025 ,9065 ,12065 ,9875 ,2265 ,1145 
A,EXT_EU27_2020,FRST,T,PER,TOTAL,SE,74980 ,156115 ,22335 ,22190 ,18635 ,20770 ,11765 ,9015 ,13180 ,8945 ,6755 ,5080 
A,EXT_EU27_2020,FRST,T,PER,TOTAL,SI,355 ,260 ,1265 ,1435 ,2800 ,3615 ,3465 ,5220 ,6645 ,7185 ,5465 ,3965 
A,EXT_EU27_2020,FRST,T,PER,TOTAL,SK,230 ,270 ,100 ,150 ,155 ,215 ,265 ,330 ,500 ,370 ,135 ,130 
A,EXT_EU27_2020,FRST,T,PER,TOTAL,UK,32120 ,39720 ,39240 ,34355 ,38400 ,44250 ,: ,: ,: ,: ,: ,: 
A,EXT_EU27_2020,SSEQ,T,PER,TOTAL,AT,: ,: ,: ,: ,: ,: ,: ,2010 ,2470 ,3075 ,3105 ,4160 
A,EXT_EU27_2020,SSEQ,T,PER,TOTAL,BE,: ,: ,: ,: ,: ,: ,: ,5425 ,4640 ,5900 ,6460 ,6855 
A,EXT_EU27_2020,SSEQ,T,PER,TOTAL,BG,: ,: ,: ,: ,: ,: ,: ,100 ,125 ,115 ,120 ,95 
A,EXT_EU27_2020,SSEQ,T,PER,TOTAL,CH,: ,: ,: ,: ,: ,: ,: ,1630 ,1380 ,3320 ,4985 ,2285 
A,EXT_EU27_2020,SSEQ,T,PER,TOTAL,CY,: ,: ,: ,: ,: ,: ,: ,: m,: m,: m,1895 ,1445 
A,EXT_EU27_2020,SSEQ,T,PER,TOTAL,CZ,: ,: ,: ,: ,: ,: ,: ,350 ,350 ,275 ,330 ,255 
A,EXT_EU27_2020,SSEQ,T,PER,TOTAL,DE,: ,: ,: ,: ,: ,: ,: ,42450 ,26200 ,22640 ,21005 ,55260 
A,EXT_EU27_2020,SSEQ,T,PER,TOTAL,DK,: ,: ,: ,: ,: ,: ,: ,: m,: m,: m,: m,: m
A,EXT_EU27_2020,SSEQ,T,PER,TOTAL,EE,: ,: ,: ,: ,: ,: ,: ,5 ,0 ,5 ,25 ,15 
A,EXT_EU27_2020,SSEQ,T,PER,TOTAL,EL,: ,: ,: ,: ,: ,: ,: ,5695 ,8245 ,6325 ,4690 ,6250 
A,EXT_EU27_2020,SSEQ,T,PER,TOTAL,ES,: ,: ,: ,: ,: ,: ,: ,3245 ,1805 ,1965 ,2280 ,2660 p
A,EXT_EU27_2020,SSEQ,T,PER,TOTAL,EU27_2020,: ,: ,: ,: ,: ,: ,: ,97045 ,80705 ,76155 ,84160 ,127945 
A,EXT_EU27_2020,SSEQ,T,PER,TOTAL,FI,: ,: ,: ,: ,: ,: ,: ,1155 ,955 ,860 ,560 ,525 
A,EXT_EU27_2020,SSEQ,T,PER,TOTAL,FR,: ,: ,: ,: ,: ,: ,: ,16605 ,18590 ,21885 ,27635 ,35175 
A,EXT_EU27_2020,SSEQ,T,PER,TOTAL,HR,: ,: ,: ,: ,: ,: ,: ,70 ,65 ,115 ,115 ,335 
A,EXT_EU27_2020,SSEQ,T,PER,TOTAL,HU,: ,: ,: ,: ,: ,: ,: ,0 ,0 ,5 ,0 ,5 
A,EXT_EU27_2020,SSEQ,T,PER,TOTAL,IE,: ,: ,: ,: ,: ,: ,: ,40 ,10 ,50 ,125 ,185 
A,EXT_EU27_2020,SSEQ,T,PER,TOTAL,IS,: ,: ,: ,: ,: ,: ,: ,0 ,0 ,20 ,50 ,50 
A,EXT_EU27_2020,SSEQ,T,PER,TOTAL,IT,: ,: ,: ,: ,: ,: ,: ,8410 ,7090 ,5255 ,7485 ,6820 
A,EXT_EU27_2020,SSEQ,T,PER,TOTAL,LI,: ,: ,: ,: ,: ,: ,: ,0 ,0 ,0 ,0 ,0 
A,EXT_EU27_2020,SSEQ,T,PER,TOTAL,LT,: ,: ,: ,: ,: ,: ,: ,45 ,120 ,65 ,65 ,55 
A,EXT_EU27_2020,SSEQ,T,PER,TOTAL,LU,: ,: ,: ,: ,: ,: ,: ,45 ,50 ,70 ,75 ,65 
A,EXT_EU27_2020,SSEQ,T,PER,TOTAL,LV,: ,: ,: ,: ,: ,: ,: ,35 ,75 ,75 ,240 ,185 
A,EXT_EU27_2020,SSEQ,T,PER,TOTAL,ME,: ,: ,: ,: ,: ,: ,: ,0 ,0 ,0 ,0 ,0 
A,EXT_EU27_2020,SSEQ,T,PER,TOTAL,MT,: ,: ,: ,: ,: ,: ,: ,40 ,50 ,75 ,60 ,40 
A,EXT_EU27_2020,SSEQ,T,PER,TOTAL,NL,: ,: ,: ,: ,: ,: ,: ,1810 ,1525 ,1390 ,1510 ,1725 
A,EXT_EU27_2020,SSEQ,T,PER,TOTAL,NO,: ,: ,: ,: ,: ,: ,: ,60 ,55 ,50 ,40 ,50 
A,EXT_EU27_2020,SSEQ,T,PER,TOTAL,PL,: ,: ,: ,: ,: ,: ,: ,1560 ,2110 ,1755 ,2450 ,2065 
A,EXT_EU27_2020,SSEQ,T,PER,TOTAL,PT,: ,: ,: ,: ,: ,: ,: ,5 ,15 ,30 ,15 ,15 
A,EXT_EU27_2020,SSEQ,T,PER,TOTAL,RO,: ,: ,: ,: ,: ,: ,: ,515 ,285 ,220 ,135 ,35 
A,EXT_EU27_2020,SSEQ,T,PER,TOTAL,SE,: ,: ,: ,: ,: ,: ,: ,7370 ,5865 ,3935 ,3705 ,3620 
A,EXT_EU27_2020,SSEQ,T,PER,TOTAL,SI,: ,: ,: ,: ,: ,: ,: ,45 ,35 ,45 ,65 ,80 
A,EXT_EU27_2020,SSEQ,T,PER,TOTAL,SK,: ,: ,: ,: ,: ,: ,: ,15 ,20 ,15 ,10 ,20 
A,EXT_EU27_2020,TOTAL,T,PER,TOTAL,AT,28035 ,88160 ,42255 ,24715 ,13710 ,12860 ,14760 ,39900 ,112245 ,59210 ,25330 ,16620 
A,EXT_EU27_2020,TOTAL,T,PER,TOTAL,BE,22710 ,44665 ,18280 ,18340 ,22530 ,27460 ,16710 ,24970 ,36740 ,35160 ,39130 ,34355 
A,EXT_EU27_2020,TOTAL,T,PER,TOTAL,BG,11080 ,20390 ,19420 ,3695 ,2535 ,2150 ,3525 ,11000 ,20390 ,22510 ,12260 ,3895 
A,EXT_EU27_2020,TOTAL,T,PER,TOTAL,CH,23560 ,39445 ,27140 ,18015 ,15160 ,14195 ,10990 ,14850 ,24440 ,30110 ,27615 ,25625 
A,EXT_EU27_2020,TOTAL,T,PER,TOTAL,CY,1745 ,2265 ,2940 ,4600 ,7765 ,13650 ,7495 ,13670 ,22190 ,11910 ,9185 ,4610 
A,EXT_EU27_2020,TOTAL,T,PER,TOTAL,CZ,1145 ,1515 ,1475 ,1445 ,1690 ,1915 ,1160 ,1405 ,1685 ,1405 ,1355 ,1185 
A,EXT_EU27_2020,TOTAL,T,PER,TOTAL,DE,202645 ,476510 ,745160 ,222565 ,184180 ,165615 ,121955 ,190545 ,243835 ,351510 ,250550 ,168375 
A,EXT_EU27_2020,TOTAL,T,PER,TOTAL,DK,14680 ,20935 ,6180 ,3220 ,3570 ,2700 ,1475 ,2080 ,4565 ,2455 ,2280 ,1920 
A,EXT_EU27_2020,TOTAL,T,PER,TOTAL,EE,155 ,230 ,175 ,190 ,95 ,105 ,50 ,80 ,2945 ,3985 ,1355 ,1015 
A,EXT_EU27_2020,TOTAL,T,PER,TOTAL,EL,9430 ,13205 ,51110 ,58650 ,66965 ,77275 ,40560 ,28355 ,37375 ,64225 ,73680 ,61625 
A,EXT_EU27_2020,TOTAL,T,PER,TOTAL,ES,5615 ,14780 ,15755 ,36610 ,54050 ,117800 ,88530 ,65295 ,117945 ,162420 ,167720 ,143700 p
A,EXT_EU27_2020,TOTAL,T,PER,TOTAL,EU27_2020,594180 ,1282690 ,1221185 ,677470 ,632615 ,702830 ,476360 ,638410 ,960725 ,1130405 ,998145 ,802385 
A,EXT_EU27_2020,TOTAL,T,PER,TOTAL,FI,3620 ,32345 ,5605 ,4995 ,4500 ,4520 ,3190 ,2525 ,5780 ,5335 ,2915 ,2515 
A,EXT_EU27_2020,TOTAL,T,PER,TOTAL,FR,64310 ,76165 ,84270 ,99330 ,137665 ,151070 ,93200 ,120685 ,156455 ,166940 ,157460 ,151545 
A,EXT_EU27_2020,TOTAL,T,PER,TOTAL,HR,450 ,210 ,2225 ,975 ,800 ,1400 ,1605 ,2550 ,2730 ,1750 ,1115 ,1180 
A,EXT_EU27_2020,TOTAL,T,PER,TOTAL,HU,42775 ,177135 ,29430 ,3390 ,670 ,500 ,115 ,40 ,45 ,30 ,30 ,110 
A,EXT_EU27_2020,TOTAL,T,PER,TOTAL,IE,1450 ,3275 ,2245 ,2930 ,3670 ,4780 ,1565 ,2650 ,13660 ,13275 ,18565 ,13160 
A,EXT_EU27_2020,TOTAL,T,PER,TOTAL,IS,170 ,370 ,1125 ,1085 ,775 ,845 ,640 ,870 ,4550 ,4155 ,1925 ,1710 
A,EXT_EU27_2020,TOTAL,T,PER,TOTAL,IT,64625 ,83540 ,122960 ,128850 ,59950 ,43770 ,26940 ,53610 ,84290 ,135820 ,158605 ,135485 
A,EXT_EU27_2020,TOTAL,T,PER,TOTAL,LI,65 ,150 ,80 ,150 ,165 ,50 ,35 ,95 ,80 ,80 ,85 ,80 
A,EXT_EU27_2020,TOTAL,T,PER,TOTAL,LT,440 ,315 ,430 ,545 ,405 ,645 ,315 ,3940 ,1025 ,575 ,360 ,380 
A,EXT_EU27_2020,TOTAL,T,PER,TOTAL,LU,1150 ,2505 ,2160 ,2430 ,2335 ,2270 ,1345 ,1415 ,2460 ,2685 ,2205 ,1840 
A,EXT_EU27_2020,TOTAL,T,PER,TOTAL,LV,375 ,330 ,350 ,355 ,185 ,195 ,180 ,615 ,620 ,1700 ,1040 ,1475 
A,EXT_EU27_2020,TOTAL,T,PER,TOTAL,ME,: ,: ,: ,: ,3100 ,1920 ,540 ,270 ,175 ,145 ,130 ,140 
A,EXT_EU27_2020,TOTAL,T,PER,TOTAL,MT,1350 ,1845 ,1930 ,1840 ,2130 ,4090 ,2480 ,1595 ,1320 ,855 ,700 ,545 
A,EXT_EU27_2020,TOTAL,T,PER,TOTAL,NL,24495 ,44970 ,20945 ,18210 ,24025 ,25200 ,15255 ,26525 ,37025 ,39710 ,33435 ,25745 
A,EXT_EU27_2020,TOTAL,T,PER,TOTAL,NO,11415 ,31115 ,3490 ,3520 ,2660 ,2265 ,1375 ,1635 ,4840 ,5350 ,4940 ,3585 
A,EXT_EU27_2020,TOTAL,T,PER,TOTAL,PL,8020 ,12190 ,12305 ,5045 ,4110 ,4070 ,2785 ,7795 ,9810 ,9475 ,16895 ,13220 
A,EXT_EU27_2020,TOTAL,T,PER,TOTAL,PT,440 ,895 ,1460 ,1750 ,1285 ,1820 ,1000 ,1540 ,2115 ,2695 ,2690 ,1760 
A,EXT_EU27_2020,TOTAL,T,PER,TOTAL,RO,1545 ,1260 ,1880 ,4815 ,2135 ,2590 ,6155 ,9585 ,12355 ,10095 ,2400 ,1190 
A,EXT_EU27_2020,TOTAL,T,PER,TOTAL,SE,81185 ,162450 ,28795 ,26330 ,28605 ,30325 ,20195 ,20375 ,23805 ,17010 ,11110 ,10595 
A,EXT_EU27_2020,TOTAL,T,PER,TOTAL,SI,385 ,275 ,1310 ,1475 ,2875 ,3820 ,3550 ,5300 ,6785 ,7260 ,5635 ,4170 
A,EXT_EU27_2020,TOTAL,T,PER,TOTAL,SK,330 ,330 ,145 ,160 ,175 ,230 ,280 ,370 ,545 ,410 ,150 ,155 
A,EXT_EU27_2020,TOTAL,T,PER,TOTAL,UK,32785 ,40160 ,39735 ,34780 ,38840 ,46055 ,: ,: ,: ,: ,: ,: 
