freq,citizen,sex,unit,age,geo,FRST_2014 ,SSEQ_2014 ,TOTAL_2014 ,FRST_2015 ,SSEQ_2015 ,TOTAL_2015 ,FRST_2016 ,SSEQ_2016 ,TOTAL_2016 ,FRST_2017 ,SSEQ_2017 ,TOTAL_2017 ,FRST_2018 ,SSEQ_2018 ,TOTAL_2018 ,FRST_2019 ,SSEQ_2019 ,TOTAL_2019 ,FRST_2020 ,SSEQ_2020 ,TOTAL_2020 ,FRST_2021 ,SSEQ_2021 ,TOTAL_2021 ,FRST_2022 ,SSEQ_2022 ,TOTAL_2022 ,FRST_2023 ,SSEQ_2023 ,TOTAL_2023 ,FRST_2024 ,SSEQ_2024 ,TOTAL_2024 ,FRST_2025 ,SSEQ_2025 ,TOTAL_2025 
A,EXT_EU27_2020,T,PER,TOTAL,AT,25675 ,: ,28035 ,85505 ,: ,88160 ,39875 ,: ,42255 ,22455 ,: ,24715 ,11580 ,: ,13710 ,10985 ,: ,12860 ,13400 ,: ,14760 ,37800 ,2010 ,39900 ,109775 ,2470 ,112245 ,56135 ,3075 ,59210 ,22220 ,3105 ,25330 ,12460 ,4160 ,16620 
A,EXT_EU27_2020,T,PER,TOTAL,BE,14045 ,: ,22710 ,38990 ,: ,44665 ,14250 ,: ,18280 ,14035 ,: ,18340 ,18130 ,: ,22530 ,23105 ,: ,27460 ,12905 ,: ,16710 ,19545 ,5425 ,24970 ,32100 ,4640 ,36740 ,29260 ,5900 ,35160 ,32670 ,6460 ,39130 ,27500 ,6855 ,34355 
A,EXT_EU27_2020,T,PER,TOTAL,BG,10805 ,: ,11080 ,20160 ,: ,20390 ,18990 ,: ,19420 ,3470 ,: ,3695 ,2465 ,: ,2535 ,2075 ,: ,2150 ,3460 ,: ,3525 ,10890 ,100 ,11000 ,20260 ,125 ,20390 ,22390 ,115 ,22510 ,12130 ,120 ,12260 ,3800 ,95 ,3895 
A,EXT_EU27_2020,T,PER,TOTAL,CH,21940 ,: ,23560 ,38060 ,: ,39445 ,25825 ,: ,27140 ,16615 ,: ,18015 ,13465 ,: ,15160 ,12545 ,: ,14195 ,9725 ,: ,10990 ,13240 ,1630 ,14850 ,23075 ,1380 ,24440 ,26820 ,3320 ,30110 ,22670 ,4985 ,27615 ,23290 ,2285 ,25625 
A,EXT_EU27_2020,T,PER,TOTAL,CY,1480 ,: ,1745 ,2105 ,: ,2265 ,2840 ,: ,2940 ,4475 ,: ,4600 ,7610 ,: ,7765 ,12695 ,: ,13650 ,7065 ,: ,7495 ,13260 ,: m,13670 ,21590 ,: m,22190 ,11660 ,: m,11910 ,6750 ,1895 ,9185 ,2835 ,1445 ,4610 
A,EXT_EU27_2020,T,PER,TOTAL,CZ,905 ,: ,1145 ,1235 ,: ,1515 ,1200 ,: ,1475 ,1140 ,: ,1445 ,1350 ,: ,1690 ,1570 ,: ,1915 ,790 ,: ,1160 ,1055 ,350 ,1405 ,1335 ,350 ,1685 ,1130 ,275 ,1405 ,1025 ,330 ,1355 ,930 ,255 ,1185 
A,EXT_EU27_2020,T,PER,TOTAL,DE,172945 ,: ,202645 ,441805 ,: ,476510 ,722270 ,: ,745160 ,198255 ,: ,222565 ,161885 ,: ,184180 ,142450 ,: ,165615 ,102525 ,: ,121955 ,148175 ,42450 ,190545 ,217735 ,26200 ,243835 ,329035 ,22640 ,351510 ,229695 ,21005 ,250550 ,113170 ,55260 ,168375 
A,EXT_EU27_2020,T,PER,TOTAL,DK,14535 ,: ,14680 ,20825 ,: ,20935 ,6055 ,: ,6180 ,3125 ,: ,3220 ,3465 ,: ,3570 ,2605 ,: ,2700 ,1420 ,: ,1475 ,1995 ,: m,2080 ,4475 ,: m,4565 ,2355 ,: m,2455 ,2180 ,: m,2280 ,1835 ,: m,1920 
A,EXT_EU27_2020,T,PER,TOTAL,EE,145 ,: ,155 ,225 ,: ,230 ,150 ,: ,175 ,180 ,: ,190 ,90 ,: ,95 ,100 ,: ,105 ,45 ,: ,50 ,75 ,5 ,80 ,2940 ,0 ,2945 ,3980 ,5 ,3985 ,1330 ,25 ,1355 ,1005 ,15 ,1015 
A,EXT_EU27_2020,T,PER,TOTAL,EL,7585 ,: ,9430 ,11370 ,: ,13205 ,49875 ,: ,51110 ,56940 ,: ,58650 ,64975 ,: ,66965 ,74910 ,: ,77275 ,37860 ,: ,40560 ,22660 ,5695 ,28355 ,29125 ,8245 ,37375 ,57895 ,6325 ,64225 ,68995 ,4690 ,73680 ,55380 ,6250 ,61625 
A,EXT_EU27_2020,T,PER,TOTAL,ES,5460 ,: ,5615 ,14600 ,: ,14780 ,15570 ,: ,15755 ,33035 ,: ,36610 ,52730 ,: ,54050 ,115175 ,: ,117800 ,86380 ,: ,88530 ,62050 ,3245 ,65295 ,116135 ,1805 ,117945 ,160460 ,1965 ,162420 ,165435 ,2280 ,167720 ,141035 p,2660 p,143700 p
A,EXT_EU27_2020,T,PER,TOTAL,FI,3490 ,: ,3620 ,32150 ,: ,32345 ,5275 ,: ,5605 ,4330 ,: ,4995 ,2950 ,: ,4500 ,2445 ,: ,4520 ,1445 ,: ,3190 ,1355 ,1155 ,2525 ,4815 ,955 ,5780 ,4450 ,860 ,5335 ,2260 ,560 ,2915 ,1955 ,525 ,2515 
A,EXT_EU27_2020,T,PER,TOTAL,FR,58845 ,: ,64310 ,70570 ,: ,76165 ,76790 ,: ,84270 ,91965 ,: ,99330 ,126580 ,: ,137665 ,138290 ,: ,151070 ,81735 ,: ,93200 ,103790 ,16605 ,120685 ,137510 ,18590 ,156455 ,145055 ,21885 ,166940 ,129820 ,27635 ,157460 ,116370 ,35175 ,151545 
A,EXT_EU27_2020,T,PER,TOTAL,HR,380 ,: ,450 ,140 ,: ,210 ,2150 ,: ,2225 ,880 ,: ,975 ,675 ,: ,800 ,1265 ,: ,1400 ,1540 ,: ,1605 ,2480 ,70 ,2550 ,2660 ,65 ,2730 ,1635 ,115 ,1750 ,1000 ,115 ,1115 ,845 ,335 ,1180 
A,EXT_EU27_2020,T,PER,TOTAL,HU,41215 ,: ,42775 ,174435 ,: ,177135 ,28215 ,: ,29430 ,3115 ,: ,3390 ,635 ,: ,670 ,465 ,: ,500 ,90 ,: ,115 ,40 ,0 ,40 ,45 ,0 ,45 ,30 ,5 ,30 ,25 ,0 ,30 ,105 ,5 ,110 
A,EXT_EU27_2020,T,PER,TOTAL,IE,1440 ,: ,1450 ,3270 ,: ,3275 ,2235 ,: ,2245 ,2910 ,: ,2930 ,3655 ,: ,3670 ,4740 ,: ,4780 ,1535 ,: ,1565 ,2615 ,40 ,2650 ,13645 ,10 ,13660 ,13220 ,50 ,13275 ,18435 ,125 ,18565 ,12975 ,185 ,13160 
A,EXT_EU27_2020,T,PER,TOTAL,IS,: ,: ,170 ,360 ,: ,370 ,1100 ,: ,1125 ,1065 ,: ,1085 ,730 ,: ,775 ,805 ,: ,845 ,625 ,: ,640 ,865 ,0 ,870 ,4530 ,0 ,4550 ,4120 ,20 ,4155 ,1860 ,50 ,1925 ,1660 ,50 ,1710 
A,EXT_EU27_2020,T,PER,TOTAL,IT,63655 ,: ,64625 ,82790 ,: ,83540 ,121185 ,: ,122960 ,126550 ,: ,128850 ,53440 ,: ,59950 ,35005 ,: ,43770 ,21330 ,: ,26940 ,45200 ,8410 ,53610 ,77200 ,7090 ,84290 ,130565 ,5255 ,135820 ,151120 ,7485 ,158605 ,128655 ,6820 ,135485 
A,EXT_EU27_2020,T,PER,TOTAL,LI,: ,: ,65 ,: ,: ,150 ,75 ,: ,80 ,145 ,: ,150 ,145 ,: ,165 ,40 ,: ,50 ,25 ,: ,35 ,80 ,0 ,95 ,70 ,0 ,80 ,70 ,0 ,80 ,75 ,0 ,85 ,80 ,0 ,80 
A,EXT_EU27_2020,T,PER,TOTAL,LT,385 ,: ,440 ,275 ,: ,315 ,415 ,: ,430 ,520 ,: ,545 ,385 ,: ,405 ,625 ,: ,645 ,260 ,: ,315 ,3905 ,45 ,3940 ,905 ,120 ,1025 ,510 ,65 ,575 ,295 ,65 ,360 ,330 ,55 ,380 
A,EXT_EU27_2020,T,PER,TOTAL,LU,1030 ,: ,1150 ,2360 ,: ,2505 ,2065 ,: ,2160 ,2320 ,: ,2430 ,2225 ,: ,2335 ,2200 ,: ,2270 ,1295 ,: ,1345 ,1365 ,45 ,1415 ,2405 ,50 ,2460 ,2615 ,70 ,2685 ,2125 ,75 ,2205 ,1770 ,65 ,1840 
A,EXT_EU27_2020,T,PER,TOTAL,LV,365 ,: ,375 ,330 ,: ,330 ,345 ,: ,350 ,355 ,: ,355 ,175 ,: ,185 ,180 ,: ,195 ,145 ,: ,180 ,580 ,35 ,615 ,545 ,75 ,620 ,1625 ,75 ,1700 ,800 ,240 ,1040 ,1290 ,185 ,1475 
A,EXT_EU27_2020,T,PER,TOTAL,ME,: ,: ,: ,: ,: ,: ,: ,: ,: ,: ,: ,: ,3100 ,: ,3100 ,1920 ,: ,1920 ,540 ,: ,540 ,270 ,0 ,270 ,175 ,0 ,175 ,145 ,0 ,145 ,125 ,0 ,130 ,140 ,0 ,140 
A,EXT_EU27_2020,T,PER,TOTAL,MT,1275 ,: ,1350 ,1695 ,: ,1845 ,1735 ,: ,1930 ,1610 ,: ,1840 ,2035 ,: ,2130 ,4015 ,: ,4090 ,2410 ,: ,2480 ,1200 ,40 ,1595 ,915 ,50 ,1320 ,490 ,75 ,855 ,440 ,60 ,700 ,405 ,40 ,545 
A,EXT_EU27_2020,T,PER,TOTAL,NL,21780 ,: ,24495 ,43035 ,: ,44970 ,19285 ,: ,20945 ,16090 ,: ,18210 ,20465 ,: ,24025 ,22485 ,: ,25200 ,13660 ,: ,15255 ,24730 ,1810 ,26525 ,35500 ,1525 ,37025 ,38320 ,1390 ,39710 ,31925 ,1510 ,33435 ,24020 ,1725 ,25745 
A,EXT_EU27_2020,T,PER,TOTAL,NO,10910 ,: ,11415 ,30475 ,: ,31115 ,3245 ,: ,3490 ,3350 ,: ,3520 ,2530 ,: ,2660 ,2165 ,: ,2265 ,1325 ,: ,1375 ,1595 ,60 ,1635 ,4650 ,55 ,4840 ,5135 ,50 ,5350 ,4800 ,40 ,4940 ,3320 ,50 ,3585 
A,EXT_EU27_2020,T,PER,TOTAL,PL,5610 ,: ,8020 ,10255 ,: ,12190 ,9780 ,: ,12305 ,3005 ,: ,5045 ,2405 ,: ,4110 ,2765 ,: ,4070 ,1510 ,: ,2785 ,6240 ,1560 ,7795 ,7700 ,2110 ,9810 ,7720 ,1755 ,9475 ,14445 ,2450 ,16895 ,11155 ,2065 ,13220 
A,EXT_EU27_2020,T,PER,TOTAL,PT,440 ,: ,440 ,870 ,: ,895 ,710 ,: ,1460 ,1015 ,: ,1750 ,1240 ,: ,1285 ,1735 ,: ,1820 ,900 ,: ,1000 ,1350 ,5 ,1540 ,1975 ,15 ,2115 ,2600 ,30 ,2695 ,2675 ,15 ,2690 ,1750 ,15 ,1760 
A,EXT_EU27_2020,T,PER,TOTAL,RO,1500 ,: ,1545 ,1225 ,: ,1260 ,1855 ,: ,1880 ,4700 ,: ,4815 ,1945 ,: ,2135 ,2455 ,: ,2590 ,6025 ,: ,6155 ,9065 ,515 ,9585 ,12065 ,285 ,12355 ,9875 ,220 ,10095 ,2265 ,135 ,2400 ,1145 ,35 ,1190 
A,EXT_EU27_2020,T,PER,TOTAL,SE,74980 ,: ,81185 ,156115 ,: ,162450 ,22335 ,: ,28795 ,22190 ,: ,26330 ,18635 ,: ,28605 ,20770 ,: ,30325 ,11765 ,: ,20195 ,9015 ,7370 ,20375 ,13180 ,5865 ,23805 ,8945 ,3935 ,17010 ,6755 ,3705 ,11110 ,5080 ,3620 ,10595 
A,EXT_EU27_2020,T,PER,TOTAL,SI,355 ,: ,385 ,260 ,: ,275 ,1265 ,: ,1310 ,1435 ,: ,1475 ,2800 ,: ,2875 ,3615 ,: ,3820 ,3465 ,: ,3550 ,5220 ,45 ,5300 ,6645 ,35 ,6785 ,7185 ,45 ,7260 ,5465 ,65 ,5635 ,3965 ,80 ,4170 
A,EXT_EU27_2020,T,PER,TOTAL,SK,230 ,: ,330 ,270 ,: ,330 ,100 ,: ,145 ,150 ,: ,160 ,155 ,: ,175 ,215 ,: ,230 ,265 ,: ,280 ,330 ,15 ,370 ,500 ,20 ,545 ,370 ,15 ,410 ,135 ,10 ,150 ,130 ,20 ,155 
A,EXT_EU27_2020,T,PER,TOTAL,UK,32120 ,,32785 ,39720 ,,40160 ,39240 ,,39735 ,34355 ,,34780 ,38400 ,,38840 ,44250 ,,46055 ,: ,,: ,: ,,: ,: ,,: ,: ,,: ,: ,,: ,: ,,: 
